DATASOURCE_REGID	SMILES_RDKIT_2019.09.2	THESIS_SUBSTANCE_NUMBER	SUBSTANCE_COMMENT	SUBSTANCE_URL	INCHI_1.05_RDKIT_2019.09.2	INCHIKEY_1.05_RDKIT_2019.09.2	INCHIKEY_1.05_CHEMAXON_19.27.0	SMILES_CHEMAXON_19.27.0	INCHIKEY MATCH?
UALIB-1844	COC1=CC=C(N(C2=CC=C(C#N)C=C2)C2=CC(N(C3=CC=C(C#N)C=C3)C3=CC=C(OC)C=C3)=CC(Cl)=C2)C=C1	4	Duncan, J.R. Changing the redox-gradient in geometrically equivalent aryl amines. Ph.D. Thesis, The University of Alabama, 2007.	http://library.ua.edu/vwebv/holdingsInfo?bibId=2078535	InChI=1S/C34H25ClN4O2/c1-40-33-15-11-29(12-16-33)38(27-7-3-24(22-36)4-8-27)31-19-26(35)20-32(21-31)39(28-9-5-25(23-37)6-10-28)30-13-17-34(41-2)18-14-30/h3-21H,1-2H3	OJIIGKFDBZLLGH-UHFFFAOYSA-N	OJIIGKFDBZLLGH-UHFFFAOYSA-N	COC1=CC=C(C=C1)N(C1=CC=C(C=C1)C#N)C1=CC(=CC(Cl)=C1)N(C1=CC=C(OC)C=C1)C1=CC=C(C=C1)C#N	TRUE
UALIB-1845	COC1=CC=C(NC2=CC(N(C3=CC=C(C#N)C=C3)C3=CC=C(OC)C=C3)=CC(N(C3=CC=C(C#N)C=C3)C3=CC=C(OC)C=C3)=C2)C=C1	5	Duncan, J.R. Changing the redox-gradient in geometrically equivalent aryl amines. Ph.D. Thesis, The University of Alabama, 2007.	http://library.ua.edu/vwebv/holdingsInfo?bibId=2078535	InChI=1S/C41H33N5O3/c1-47-39-18-8-31(9-19-39)44-32-24-37(45(33-10-4-29(27-42)5-11-33)35-14-20-40(48-2)21-15-35)26-38(25-32)46(34-12-6-30(28-43)7-13-34)36-16-22-41(49-3)23-17-36/h4-26,44H,1-3H3	YXCHWGIAPJIGCV-UHFFFAOYSA-N	YXCHWGIAPJIGCV-UHFFFAOYSA-N	COC1=CC=C(NC2=CC(=CC(=C2)N(C2=CC=C(OC)C=C2)C2=CC=C(C=C2)C#N)N(C2=CC=C(OC)C=C2)C2=CC=C(C=C2)C#N)C=C1	TRUE
UALIB-1846	COC1=CC=C(N(C2=CC=C(C#N)C=C2)C2=CC(N(C3=CC=C(OC)C=C3)C3=CC=C(N(C4=CC=C(OC)C=C4)C4=CC(N(C5=CC=C(C#N)C=C5)C5=CC=C(OC)C=C5)=CC(N(C5=CC=C(C#N)C=C5)C5=CC=C(OC)C=C5)=C4)C=C3)=CC(N(C3=CC=C(C#N)C=C3)C3=CC=C(OC)C=C3)=C2)C=C1	6	Duncan, J.R. Changing the redox-gradient in geometrically equivalent aryl amines. Ph.D. Thesis, The University of Alabama, 2007.	http://library.ua.edu/vwebv/holdingsInfo?bibId=2078535	InChI=1S/C88H68N10O6/c1-99-83-39-27-71(28-40-83)93(65-15-7-61(57-89)8-16-65)77-51-78(94(66-17-9-62(58-90)10-18-66)72-29-41-84(100-2)42-30-72)54-81(53-77)97(75-35-47-87(103-5)48-36-75)69-23-25-70(26-24-69)98(76-37-49-88(104-6)50-38-76)82-55-79(95(67-19-11-63(59-91)12-20-67)73-31-43-85(101-3)44-32-73)52-80(56-82)96(68-21-13-64(60-92)14-22-68)74-33-45-86(102-4)46-34-74/h7-56H,1-6H3	VVNAMQODIOUEEE-UHFFFAOYSA-N	VVNAMQODIOUEEE-UHFFFAOYSA-N	COC1=CC=C(C=C1)N(C1=CC=C(C=C1)C#N)C1=CC(=CC(=C1)N(C1=CC=C(OC)C=C1)C1=CC=C(C=C1)C#N)N(C1=CC=C(OC)C=C1)C1=CC=C(C=C1)N(C1=CC=C(OC)C=C1)C1=CC(=CC(=C1)N(C1=CC=C(OC)C=C1)C1=CC=C(C=C1)C#N)N(C1=CC=C(OC)C=C1)C1=CC=C(C=C1)C#N	TRUE
UALIB-1847	COC1=CC=C(N(C2=CC=C(C#N)C=C2)C2=CC(N(C3=CC=C(C#N)C=C3)C3=CC=C(OC)C=C3)=CC=C2)C=C1	6a	Duncan, J.R. Changing the redox-gradient in geometrically equivalent aryl amines. Ph.D. Thesis, The University of Alabama, 2007.	http://library.ua.edu/vwebv/holdingsInfo?bibId=2078535	InChI=1S/C34H26N4O2/c1-39-33-18-14-29(15-19-33)37(27-10-6-25(23-35)7-11-27)31-4-3-5-32(22-31)38(28-12-8-26(24-36)9-13-28)30-16-20-34(40-2)21-17-30/h3-22H,1-2H3	QGGRZDKPCIULOJ-UHFFFAOYSA-N	QGGRZDKPCIULOJ-UHFFFAOYSA-N	COC1=CC=C(C=C1)N(C1=CC=C(C=C1)C#N)C1=CC(=CC=C1)N(C1=CC=C(OC)C=C1)C1=CC=C(C=C1)C#N	TRUE
UALIB-1848	N#CC1=CC=C(NC2=CC(NC3=CC=C(C#N)C=C3)=CC(Cl)=C2)C=C1	8	Duncan, J.R. Changing the redox-gradient in geometrically equivalent aryl amines. Ph.D. Thesis, The University of Alabama, 2007.	http://library.ua.edu/vwebv/holdingsInfo?bibId=2078535	InChI=1S/C20H13ClN4/c21-16-9-19(24-17-5-1-14(12-22)2-6-17)11-20(10-16)25-18-7-3-15(13-23)4-8-18/h1-11,24-25H	RZFLMTYCRQJAOI-UHFFFAOYSA-N	RZFLMTYCRQJAOI-UHFFFAOYSA-N	ClC1=CC(NC2=CC=C(C=C2)C#N)=CC(NC2=CC=C(C=C2)C#N)=C1	TRUE
UALIB-1849	N#CC1=CC=C(N(C2=CC=C(C#N)C=C2)C2=CC(Cl)=CC(N(C3=CC=C(C#N)C=C3)C3=CC=C(C#N)C=C3)=C2)C=C1	9	Duncan, J.R. Changing the redox-gradient in geometrically equivalent aryl amines. Ph.D. Thesis, The University of Alabama, 2007.	http://library.ua.edu/vwebv/holdingsInfo?bibId=2078535	InChI=1S/C34H19ClN6/c35-28-17-33(40(29-9-1-24(20-36)2-10-29)30-11-3-25(21-37)4-12-30)19-34(18-28)41(31-13-5-26(22-38)6-14-31)32-15-7-27(23-39)8-16-32/h1-19H	MSWFZAJYFCQFTA-UHFFFAOYSA-N	MSWFZAJYFCQFTA-UHFFFAOYSA-N	ClC1=CC(=CC(=C1)N(C1=CC=C(C=C1)C#N)C1=CC=C(C=C1)C#N)N(C1=CC=C(C=C1)C#N)C1=CC=C(C=C1)C#N	TRUE
UALIB-1850	COC1=CC=C(NC2=CC(N(C3=CC=C(C#N)C=C3)C3=CC=C(C#N)C=C3)=CC(N(C3=CC=C(C#N)C=C3)C3=CC=C(C#N)C=C3)=C2)C=C1	10	Duncan, J.R. Changing the redox-gradient in geometrically equivalent aryl amines. Ph.D. Thesis, The University of Alabama, 2007.	http://library.ua.edu/vwebv/holdingsInfo?bibId=2078535	InChI=1S/C41H27N7O/c1-49-41-20-10-33(11-21-41)46-34-22-39(47(35-12-2-29(25-42)3-13-35)36-14-4-30(26-43)5-15-36)24-40(23-34)48(37-16-6-31(27-44)7-17-37)38-18-8-32(28-45)9-19-38/h2-24,46H,1H3	DWLZBDVIULQETF-UHFFFAOYSA-N	DWLZBDVIULQETF-UHFFFAOYSA-N	COC1=CC=C(NC2=CC(=CC(=C2)N(C2=CC=C(C=C2)C#N)C2=CC=C(C=C2)C#N)N(C2=CC=C(C=C2)C#N)C2=CC=C(C=C2)C#N)C=C1	TRUE
UALIB-1851	COC1=CC=C(N(C2=CC=C(N(C3=CC=C(OC)C=C3)C3=CC(N(C4=CC=C(C#N)C=C4)C4=CC=C(C#N)C=C4)=CC(N(C4=CC=C(C#N)C=C4)C4=CC=C(C#N)C=C4)=C3)C=C2)C2=CC(N(C3=CC=C(C#N)C=C3)C3=CC=C(C#N)C=C3)=CC(N(C3=CC=C(C#N)C=C3)C3=CC=C(C#N)C=C3)=C2)C=C1	11	Duncan, J.R. Changing the redox-gradient in geometrically equivalent aryl amines. Ph.D. Thesis, The University of Alabama, 2007.	http://library.ua.edu/vwebv/holdingsInfo?bibId=2078535	InChI=1S/C88H56N14O2/c1-103-87-43-39-79(40-44-87)101(85-49-81(97(69-19-3-61(53-89)4-20-69)70-21-5-62(54-90)6-22-70)47-82(50-85)98(71-23-7-63(55-91)8-24-71)72-25-9-64(56-92)10-26-72)77-35-37-78(38-36-77)102(80-41-45-88(104-2)46-42-80)86-51-83(99(73-27-11-65(57-93)12-28-73)74-29-13-66(58-94)14-30-74)48-84(52-86)100(75-31-15-67(59-95)16-32-75)76-33-17-68(60-96)18-34-76/h3-52H,1-2H3	PRFAOFBWRUPZQV-UHFFFAOYSA-N	PRFAOFBWRUPZQV-UHFFFAOYSA-N	COC1=CC=C(C=C1)N(C1=CC=C(C=C1)N(C1=CC=C(OC)C=C1)C1=CC(=CC(=C1)N(C1=CC=C(C=C1)C#N)C1=CC=C(C=C1)C#N)N(C1=CC=C(C=C1)C#N)C1=CC=C(C=C1)C#N)C1=CC(=CC(=C1)N(C1=CC=C(C=C1)C#N)C1=CC=C(C=C1)C#N)N(C1=CC=C(C=C1)C#N)C1=CC=C(C=C1)C#N	TRUE
UALIB-1852	N#CC1=CC=C(NC2=CC(NC3=CC=C(C#N)C=C3)=CC=C2)C=C1	12	Duncan, J.R. Changing the redox-gradient in geometrically equivalent aryl amines. Ph.D. Thesis, The University of Alabama, 2007.	http://library.ua.edu/vwebv/holdingsInfo?bibId=2078535	InChI=1S/C20H14N4/c21-13-15-4-8-17(9-5-15)23-19-2-1-3-20(12-19)24-18-10-6-16(14-22)7-11-18/h1-12,23-24H	IGPKMXXADOLKOT-UHFFFAOYSA-N	IGPKMXXADOLKOT-UHFFFAOYSA-N	N#CC1=CC=C(NC2=CC(NC3=CC=C(C=C3)C#N)=CC=C2)C=C1	TRUE
UALIB-1853	N#CC1=CC=C(N(C2=CC=C(C#N)C=C2)C2=CC(N(C3=CC=C(C#N)C=C3)C3=CC=C(C#N)C=C3)=CC=C2)C=C1	11a	Duncan, J.R. Changing the redox-gradient in geometrically equivalent aryl amines. Ph.D. Thesis, The University of Alabama, 2007.	http://library.ua.edu/vwebv/holdingsInfo?bibId=2078535	InChI=1S/C34H20N6/c35-21-25-4-12-29(13-5-25)39(30-14-6-26(22-36)7-15-30)33-2-1-3-34(20-33)40(31-16-8-27(23-37)9-17-31)32-18-10-28(24-38)11-19-32/h1-20H	DPNQIYYSTAHSML-UHFFFAOYSA-N	DPNQIYYSTAHSML-UHFFFAOYSA-N	N#CC1=CC=C(C=C1)N(C1=CC=C(C=C1)C#N)C1=CC(=CC=C1)N(C1=CC=C(C=C1)C#N)C1=CC=C(C=C1)C#N	TRUE
UALIB-1854	COC1=CC=C(N(C2=CC=C(OC)C=C2)C2=CC(N(C3=CC=C(OC)C=C3)C3=CC=C(OC)C=C3)=CC(NC3=CC=C(C(C)(C)C)C=C3)=C2)C=C1	14	Duncan, J.R. Changing the redox-gradient in geometrically equivalent aryl amines. Ph.D. Thesis, The University of Alabama, 2007.	http://library.ua.edu/vwebv/holdingsInfo?bibId=2078535	InChI=1S/C44H45N3O4/c1-44(2,3)31-8-10-32(11-9-31)45-33-28-38(46(34-12-20-40(48-4)21-13-34)35-14-22-41(49-5)23-15-35)30-39(29-33)47(36-16-24-42(50-6)25-17-36)37-18-26-43(51-7)27-19-37/h8-30,45H,1-7H3	SNUODZHGCNTAQR-UHFFFAOYSA-N	SNUODZHGCNTAQR-UHFFFAOYSA-N	COC1=CC=C(C=C1)N(C1=CC=C(OC)C=C1)C1=CC(=CC(NC2=CC=C(C=C2)C(C)(C)C)=C1)N(C1=CC=C(OC)C=C1)C1=CC=C(OC)C=C1	TRUE
UALIB-1855	COC1=CC=C(N(C2=CC=C(OC)C=C2)C2=CC(N(C3=CC=C(N(C4=CC=C(C(C)(C)C)C=C4)C4=CC(N(C5=CC=C(OC)C=C5)C5=CC=C(OC)C=C5)=CC(N(C5=CC=C(OC)C=C5)C5=CC=C(OC)C=C5)=C4)C=C3)C3=CC=C(C(C)(C)C)C=C3)=CC(N(C3=CC=C(OC)C=C3)C3=CC=C(OC)C=C3)=C2)C=C1	15	Duncan, J.R. Changing the redox-gradient in geometrically equivalent aryl amines. Ph.D. Thesis, The University of Alabama, 2007.	http://library.ua.edu/vwebv/holdingsInfo?bibId=2078535	InChI=1S/C94H92N6O8/c1-93(2,3)65-15-19-67(20-16-65)95(79-59-81(97(71-27-43-85(101-7)44-28-71)72-29-45-86(102-8)46-30-72)63-82(60-79)98(73-31-47-87(103-9)48-32-73)74-33-49-88(104-10)50-34-74)69-23-25-70(26-24-69)96(68-21-17-66(18-22-68)94(4,5)6)80-61-83(99(75-35-51-89(105-11)52-36-75)76-37-53-90(106-12)54-38-76)64-84(62-80)100(77-39-55-91(107-13)56-40-77)78-41-57-92(108-14)58-42-78/h15-64H,1-14H3	NZOMELASQLWMQA-UHFFFAOYSA-N	NZOMELASQLWMQA-UHFFFAOYSA-N	COC1=CC=C(C=C1)N(C1=CC=C(OC)C=C1)C1=CC(=CC(=C1)N(C1=CC=C(OC)C=C1)C1=CC=C(OC)C=C1)N(C1=CC=C(C=C1)N(C1=CC=C(C=C1)C(C)(C)C)C1=CC(=CC(=C1)N(C1=CC=C(OC)C=C1)C1=CC=C(OC)C=C1)N(C1=CC=C(OC)C=C1)C1=CC=C(OC)C=C1)C1=CC=C(C=C1)C(C)(C)C	TRUE
UALIB-1856	CCOC1=CC=C(NC2=CC(N(C3=CC=C(OC)C=C3)C3=CC=C(OC)C=C3)=CC(N(C3=CC=C(OC)C=C3)C3=CC=C(OC)C=C3)=C2)C=C1	16	Duncan, J.R. Changing the redox-gradient in geometrically equivalent aryl amines. Ph.D. Thesis, The University of Alabama, 2007.	http://library.ua.edu/vwebv/holdingsInfo?bibId=2078535	InChI=1S/C42H41N3O5/c1-6-50-42-17-7-30(8-18-42)43-31-27-36(44(32-9-19-38(46-2)20-10-32)33-11-21-39(47-3)22-12-33)29-37(28-31)45(34-13-23-40(48-4)24-14-34)35-15-25-41(49-5)26-16-35/h7-29,43H,6H2,1-5H3	MPNCGWDGACFQRU-UHFFFAOYSA-N	MPNCGWDGACFQRU-UHFFFAOYSA-N	CCOC1=CC=C(NC2=CC(=CC(=C2)N(C2=CC=C(OC)C=C2)C2=CC=C(OC)C=C2)N(C2=CC=C(OC)C=C2)C2=CC=C(OC)C=C2)C=C1	TRUE
UALIB-1857	CCOC1=CC=C(N(C2=CC=C(N(C3=CC=C(OCC)C=C3)C3=CC(N(C4=CC=C(OC)C=C4)C4=CC=C(OC)C=C4)=CC(N(C4=CC=C(OC)C=C4)C4=CC=C(OC)C=C4)=C3)C=C2)C2=CC(N(C3=CC=C(OC)C=C3)C3=CC=C(OC)C=C3)=CC(N(C3=CC=C(OC)C=C3)C3=CC=C(OC)C=C3)=C2)C=C1	17	Duncan, J.R. Changing the redox-gradient in geometrically equivalent aryl amines. Ph.D. Thesis, The University of Alabama, 2007.	http://library.ua.edu/vwebv/holdingsInfo?bibId=2078535	InChI=1S/C90H84N6O10/c1-11-105-89-53-33-73(34-54-89)91(75-57-77(93(65-17-37-81(97-3)38-18-65)66-19-39-82(98-4)40-20-66)61-78(58-75)94(67-21-41-83(99-5)42-22-67)68-23-43-84(100-6)44-24-68)63-13-15-64(16-14-63)92(74-35-55-90(56-36-74)106-12-2)76-59-79(95(69-25-45-85(101-7)46-26-69)70-27-47-86(102-8)48-28-70)62-80(60-76)96(71-29-49-87(103-9)50-30-71)72-31-51-88(104-10)52-32-72/h13-62H,11-12H2,1-10H3	NQQYAVIKMKHOLW-UHFFFAOYSA-N	NQQYAVIKMKHOLW-UHFFFAOYSA-N	CCOC1=CC=C(C=C1)N(C1=CC=C(C=C1)N(C1=CC=C(OCC)C=C1)C1=CC(=CC(=C1)N(C1=CC=C(OC)C=C1)C1=CC=C(OC)C=C1)N(C1=CC=C(OC)C=C1)C1=CC=C(OC)C=C1)C1=CC(=CC(=C1)N(C1=CC=C(OC)C=C1)C1=CC=C(OC)C=C1)N(C1=CC=C(OC)C=C1)C1=CC=C(OC)C=C1	TRUE
UALIB-1858	CCOC1=CC=C(NC2=CC(N(C3=CC=C(C#N)C=C3)C3=CC=C(OC)C=C3)=CC(N(C3=CC=C(C#N)C=C3)C3=CC=C(OC)C=C3)=C2)C=C1	18	Duncan, J.R. Changing the redox-gradient in geometrically equivalent aryl amines. Ph.D. Thesis, The University of Alabama, 2007.	http://library.ua.edu/vwebv/holdingsInfo?bibId=2078535	InChI=1S/C42H35N5O3/c1-4-50-42-19-9-32(10-20-42)45-33-25-38(46(34-11-5-30(28-43)6-12-34)36-15-21-40(48-2)22-16-36)27-39(26-33)47(35-13-7-31(29-44)8-14-35)37-17-23-41(49-3)24-18-37/h5-27,45H,4H2,1-3H3	PDJXBJAOZIUXCD-UHFFFAOYSA-N	PDJXBJAOZIUXCD-UHFFFAOYSA-N	CCOC1=CC=C(NC2=CC(=CC(=C2)N(C2=CC=C(OC)C=C2)C2=CC=C(C=C2)C#N)N(C2=CC=C(OC)C=C2)C2=CC=C(C=C2)C#N)C=C1	TRUE
UALIB-1859	CCOC1=CC=C(N(C2=CC=C(N(C3=CC=C(OCC)C=C3)C3=CC(N(C4=CC=C(C#N)C=C4)C4=CC=C(OC)C=C4)=CC(N(C4=CC=C(C#N)C=C4)C4=CC=C(OC)C=C4)=C3)C=C2)C2=CC(N(C3=CC=C(C#N)C=C3)C3=CC=C(OC)C=C3)=CC(N(C3=CC=C(C#N)C=C3)C3=CC=C(OC)C=C3)=C2)C=C1	19	Duncan, J.R. Changing the redox-gradient in geometrically equivalent aryl amines. Ph.D. Thesis, The University of Alabama, 2007.	http://library.ua.edu/vwebv/holdingsInfo?bibId=2078535	InChI=1S/C90H72N10O6/c1-7-105-89-49-37-77(38-50-89)99(83-55-79(95(67-17-9-63(59-91)10-18-67)73-29-41-85(101-3)42-30-73)53-80(56-83)96(68-19-11-64(60-92)12-20-68)74-31-43-86(102-4)44-32-74)71-25-27-72(28-26-71)100(78-39-51-90(52-40-78)106-8-2)84-57-81(97(69-21-13-65(61-93)14-22-69)75-33-45-87(103-5)46-34-75)54-82(58-84)98(70-23-15-66(62-94)16-24-70)76-35-47-88(104-6)48-36-76/h9-58H,7-8H2,1-6H3	RZENGZDMGXRGJG-UHFFFAOYSA-N	RZENGZDMGXRGJG-UHFFFAOYSA-N	CCOC1=CC=C(C=C1)N(C1=CC=C(C=C1)N(C1=CC=C(OCC)C=C1)C1=CC(=CC(=C1)N(C1=CC=C(OC)C=C1)C1=CC=C(C=C1)C#N)N(C1=CC=C(OC)C=C1)C1=CC=C(C=C1)C#N)C1=CC(=CC(=C1)N(C1=CC=C(OC)C=C1)C1=CC=C(C=C1)C#N)N(C1=CC=C(OC)C=C1)C1=CC=C(C=C1)C#N	TRUE
UALIB-1860	COC1=CC=C(N(C2=CC=C(C#N)C=C2)C2=CC=C(N(C3=CC=C(C#N)C=C3)C3=CC=C(OC)C=C3)C=C2)C=C1	21	Duncan, J.R. Changing the redox-gradient in geometrically equivalent aryl amines. Ph.D. Thesis, The University of Alabama, 2007.	http://library.ua.edu/vwebv/holdingsInfo?bibId=2078535	InChI=1S/C34H26N4O2/c1-39-33-19-15-31(16-20-33)37(27-7-3-25(23-35)4-8-27)29-11-13-30(14-12-29)38(28-9-5-26(24-36)6-10-28)32-17-21-34(40-2)22-18-32/h3-22H,1-2H3	FQIHFLZHHYHJEV-UHFFFAOYSA-N	FQIHFLZHHYHJEV-UHFFFAOYSA-N	COC1=CC=C(C=C1)N(C1=CC=C(C=C1)C#N)C1=CC=C(C=C1)N(C1=CC=C(OC)C=C1)C1=CC=C(C=C1)C#N	TRUE
UALIB-1861	COC1=CC=C(N(C2=CC=C(OC)C=C2)C2=CC=C(N(C3=CC=C(OC)C=C3)C3=CC=C(C(=O)OC(C)(C)C)C=C3)C=C2)C=C1	23	Duncan, J.R. Changing the redox-gradient in geometrically equivalent aryl amines. Ph.D. Thesis, The University of Alabama, 2007.	http://library.ua.edu/vwebv/holdingsInfo?bibId=2078535	InChI=1S/C38H38N2O5/c1-38(2,3)45-37(41)27-7-9-28(10-8-27)39(31-15-21-34(42-4)22-16-31)29-11-13-30(14-12-29)40(32-17-23-35(43-5)24-18-32)33-19-25-36(44-6)26-20-33/h7-26H,1-6H3	HRLAFXNOCSQVDG-UHFFFAOYSA-N	HRLAFXNOCSQVDG-UHFFFAOYSA-N	COC1=CC=C(C=C1)N(C1=CC=C(OC)C=C1)C1=CC=C(C=C1)N(C1=CC=C(OC)C=C1)C1=CC=C(C=C1)C(=O)OC(C)(C)C	TRUE
UALIB-1862	COC1=CC=C(N(C2=CC=C(OC)C=C2)C2=CC=C(N(C3=CC=C(OC)C=C3)C3=CC=C(C(=O)O)C=C3)C=C2)C=C1	24	Duncan, J.R. Changing the redox-gradient in geometrically equivalent aryl amines. Ph.D. Thesis, The University of Alabama, 2007.	http://library.ua.edu/vwebv/holdingsInfo?bibId=2078535	InChI=1S/C34H30N2O5/c1-39-31-18-12-28(13-19-31)35(25-6-4-24(5-7-25)34(37)38)26-8-10-27(11-9-26)36(29-14-20-32(40-2)21-15-29)30-16-22-33(41-3)23-17-30/h4-23H,1-3H3,(H,37,38)	TZDZTDXNFGYVEZ-UHFFFAOYSA-N	TZDZTDXNFGYVEZ-UHFFFAOYSA-N	COC1=CC=C(C=C1)N(C1=CC=C(OC)C=C1)C1=CC=C(C=C1)N(C1=CC=C(OC)C=C1)C1=CC=C(C=C1)C(O)=O	TRUE
UALIB-1863	COC1=CC=C(N(C2=CC=C(C(=O)OC(C)(C)C)C=C2)C2=CC=C(N(C3=CC=C(OC)C=C3)C3=CC=C(C(=O)OC(C)(C)C)C=C3)C=C2)C=C1	26	Duncan, J.R. Changing the redox-gradient in geometrically equivalent aryl amines. Ph.D. Thesis, The University of Alabama, 2007.	http://library.ua.edu/vwebv/holdingsInfo?bibId=2078535	InChI=1S/C42H44N2O6/c1-41(2,3)49-39(45)29-9-13-31(14-10-29)43(35-21-25-37(47-7)26-22-35)33-17-19-34(20-18-33)44(36-23-27-38(48-8)28-24-36)32-15-11-30(12-16-32)40(46)50-42(4,5)6/h9-28H,1-8H3	VOAVVOVNUSALKP-UHFFFAOYSA-N	VOAVVOVNUSALKP-UHFFFAOYSA-N	COC1=CC=C(C=C1)N(C1=CC=C(C=C1)N(C1=CC=C(OC)C=C1)C1=CC=C(C=C1)C(=O)OC(C)(C)C)C1=CC=C(C=C1)C(=O)OC(C)(C)C	TRUE
UALIB-1864	COC1=CC=C(N(C2=CC=C(C(=O)OC(C)(C)C)C=C2)C2=CC(N(C3=CC=C(OC)C=C3)C3=CC=C(C(=O)OC(C)(C)C)C=C3)=CC(Cl)=C2)C=C1	27	Duncan, J.R. Changing the redox-gradient in geometrically equivalent aryl amines. Ph.D. Thesis, The University of Alabama, 2007.	http://library.ua.edu/vwebv/holdingsInfo?bibId=2078535	InChI=1S/C42H43ClN2O6/c1-41(2,3)50-39(46)28-9-13-31(14-10-28)44(33-17-21-37(48-7)22-18-33)35-25-30(43)26-36(27-35)45(34-19-23-38(49-8)24-20-34)32-15-11-29(12-16-32)40(47)51-42(4,5)6/h9-27H,1-8H3	PIBKUTJJPLVDKL-UHFFFAOYSA-N	PIBKUTJJPLVDKL-UHFFFAOYSA-N	COC1=CC=C(C=C1)N(C1=CC=C(C=C1)C(=O)OC(C)(C)C)C1=CC(=CC(Cl)=C1)N(C1=CC=C(OC)C=C1)C1=CC=C(C=C1)C(=O)OC(C)(C)C	TRUE
UALIB-1865	COC1=CC=C(NC2=CC(N(C3=CC=C(OC)C=C3)C3=CC=C(C(=O)OC(C)(C)C)C=C3)=CC(N(C3=CC=C(OC)C=C3)C3=CC=C(C(=O)OC(C)(C)C)C=C3)=C2)C=C1	28	Duncan, J.R. Changing the redox-gradient in geometrically equivalent aryl amines. Ph.D. Thesis, The University of Alabama, 2007.	http://library.ua.edu/vwebv/holdingsInfo?bibId=2078535	InChI=1S/C49H51N3O7/c1-48(2,3)58-46(53)33-10-16-37(17-11-33)51(39-20-26-44(56-8)27-21-39)41-30-36(50-35-14-24-43(55-7)25-15-35)31-42(32-41)52(40-22-28-45(57-9)29-23-40)38-18-12-34(13-19-38)47(54)59-49(4,5)6/h10-32,50H,1-9H3	GSKQINDJKVBBNF-UHFFFAOYSA-N	GSKQINDJKVBBNF-UHFFFAOYSA-N	COC1=CC=C(NC2=CC(=CC(=C2)N(C2=CC=C(OC)C=C2)C2=CC=C(C=C2)C(=O)OC(C)(C)C)N(C2=CC=C(OC)C=C2)C2=CC=C(C=C2)C(=O)OC(C)(C)C)C=C1	TRUE
UALIB-1866	COC1=CC=C(N(C2=CC=C(C(=O)OC(C)(C)C)C=C2)C2=CC(N(C3=CC=C(OC)C=C3)C3=CC=C(N(C4=CC=C(OC)C=C4)C4=CC(N(C5=CC=C(OC)C=C5)C5=CC=C(C(=O)OC(C)(C)C)C=C5)=CC(N(C5=CC=C(OC)C=C5)C5=CC=C(C(=O)OC(C)(C)C)C=C5)=C4)C=C3)=CC(N(C3=CC=C(OC)C=C3)C3=CC=C(C(=O)OC(C)(C)C)C=C3)=C2)C=C1	29	Duncan, J.R. Changing the redox-gradient in geometrically equivalent aryl amines. Ph.D. Thesis, The University of Alabama, 2007.	http://library.ua.edu/vwebv/holdingsInfo?bibId=2078535	InChI=1S/C104H104N6O14/c1-101(2,3)121-97(111)69-19-27-73(28-20-69)105(79-39-51-91(115-13)52-40-79)85-63-86(106(80-41-53-92(116-14)54-42-80)74-29-21-70(22-30-74)98(112)122-102(4,5)6)66-89(65-85)109(83-47-59-95(119-17)60-48-83)77-35-37-78(38-36-77)110(84-49-61-96(120-18)62-50-84)90-67-87(107(81-43-55-93(117-15)56-44-81)75-31-23-71(24-32-75)99(113)123-103(7,8)9)64-88(68-90)108(82-45-57-94(118-16)58-46-82)76-33-25-72(26-34-76)100(114)124-104(10,11)12/h19-68H,1-18H3	JWVZLFOTWQKHHA-UHFFFAOYSA-N	JWVZLFOTWQKHHA-UHFFFAOYSA-N	COC1=CC=C(C=C1)N(C1=CC=C(C=C1)N(C1=CC=C(OC)C=C1)C1=CC(=CC(=C1)N(C1=CC=C(OC)C=C1)C1=CC=C(C=C1)C(=O)OC(C)(C)C)N(C1=CC=C(OC)C=C1)C1=CC=C(C=C1)C(=O)OC(C)(C)C)C1=CC(=CC(=C1)N(C1=CC=C(OC)C=C1)C1=CC=C(C=C1)C(=O)OC(C)(C)C)N(C1=CC=C(OC)C=C1)C1=CC=C(C=C1)C(=O)OC(C)(C)C	TRUE
UALIB-1867	COC1=CC=C(N(C2=CC=C(C(=O)O)C=C2)C2=CC(N(C3=CC=C(OC)C=C3)C3=CC=C(N(C4=CC=C(OC)C=C4)C4=CC(N(C5=CC=C(OC)C=C5)C5=CC=C(C(=O)O)C=C5)=CC(N(C5=CC=C(OC)C=C5)C5=CC=C(C(=O)O)C=C5)=C4)C=C3)=CC(N(C3=CC=C(OC)C=C3)C3=CC=C(C(=O)O)C=C3)=C2)C=C1	30	Duncan, J.R. Changing the redox-gradient in geometrically equivalent aryl amines. Ph.D. Thesis, The University of Alabama, 2007.	http://library.ua.edu/vwebv/holdingsInfo?bibId=2078535	InChI=1S/C88H72N6O14/c1-103-79-39-27-67(28-40-79)89(61-15-7-57(8-16-61)85(95)96)73-51-74(90(68-29-41-80(104-2)42-30-68)62-17-9-58(10-18-62)86(97)98)54-77(53-73)93(71-35-47-83(107-5)48-36-71)65-23-25-66(26-24-65)94(72-37-49-84(108-6)50-38-72)78-55-75(91(69-31-43-81(105-3)44-32-69)63-19-11-59(12-20-63)87(99)100)52-76(56-78)92(70-33-45-82(106-4)46-34-70)64-21-13-60(14-22-64)88(101)102/h7-56H,1-6H3,(H,95,96)(H,97,98)(H,99,100)(H,101,102)	UPWZXQPRUGSOBR-UHFFFAOYSA-N	UPWZXQPRUGSOBR-UHFFFAOYSA-N	COC1=CC=C(C=C1)N(C1=CC=C(C=C1)N(C1=CC=C(OC)C=C1)C1=CC(=CC(=C1)N(C1=CC=C(OC)C=C1)C1=CC=C(C=C1)C(O)=O)N(C1=CC=C(OC)C=C1)C1=CC=C(C=C1)C(O)=O)C1=CC(=CC(=C1)N(C1=CC=C(OC)C=C1)C1=CC=C(C=C1)C(O)=O)N(C1=CC=C(OC)C=C1)C1=CC=C(C=C1)C(O)=O	TRUE
