SMILES_CHEMAXON_19.27.0	DATASOURCE_REGID	SUBSTANCE_SYNONYM	SUBSTANCE_COMMENT	SUBSTANCE_URL	INCHIKEY_1.05_CHEMAXON_19.27.0
COC(CC1=C2C(=O)OC(C)(C)OC2=CC(OC)=C1)OC	UALIB-804	5-(2,2-dimethoxyethyl)-7-methoxy-2,2-dimethyl-4H-bezo[d][1,3]dioxin-4-one	De Joarder, D. Total syntheses of (-)-curvularin and xestodecalactone a, formal total syntheses of (-)-citreofuran, (+)-12-oxo-curvularin, (+)-sporostatin, synthetic efforts toward (-)-caylobolide a. Ph.D. Thesis, The University of Alabama, 2014.	https://ir.ua.edu/handle/123456789/1985	XABDDLLWVMMGIH-UHFFFAOYSA-N
COC(CC1=C(CO)C(O)=CC(OC)=C1)OC	UALIB-805	3-(2,2-dimethoxyethyl)-2-(hydroxymethyl)-5-methoxyphenol	De Joarder, D. Total syntheses of (-)-curvularin and xestodecalactone a, formal total syntheses of (-)-citreofuran, (+)-12-oxo-curvularin, (+)-sporostatin, synthetic efforts toward (-)-caylobolide a. Ph.D. Thesis, The University of Alabama, 2014.	https://ir.ua.edu/handle/123456789/1985	XVMNEGCEPGEEHD-UHFFFAOYSA-N
COC(CC1=C(CO)C(OC)=CC(OC)=C1)OC	UALIB-806	(2-(2,2-dimethoxyethyl)-4,6-dimethoxyphenyl)methanol	De Joarder, D. Total syntheses of (-)-curvularin and xestodecalactone a, formal total syntheses of (-)-citreofuran, (+)-12-oxo-curvularin, (+)-sporostatin, synthetic efforts toward (-)-caylobolide a. Ph.D. Thesis, The University of Alabama, 2014.	https://ir.ua.edu/handle/123456789/1985	XZWLWZYGWWLOIT-UHFFFAOYSA-N
[H]C(=O)C1=C(CC(OC)OC)C=C(OC)C=C1OC	UALIB-807	2-(2,2-dimethoxyethyl)-4,6-dimethoxybenzaldehyde	De Joarder, D. Total syntheses of (-)-curvularin and xestodecalactone a, formal total syntheses of (-)-citreofuran, (+)-12-oxo-curvularin, (+)-sporostatin, synthetic efforts toward (-)-caylobolide a. Ph.D. Thesis, The University of Alabama, 2014.	https://ir.ua.edu/handle/123456789/1985	YAHATOSRHCJWSH-UHFFFAOYSA-N
COC(CC1=C(C(O)C#CC[C@@H](C)O[Si](C)(C)C(C)(C)C)C(OC)=CC(OC)=C1)OC	UALIB-808	(5R)-5-((tert-butyldimethylsilyl)oxy)-1-(2-(2,2-dimethoxyethyl)-4,6-dimethoxyphenyl)hex-2-yn-1-ol	De Joarder, D. Total syntheses of (-)-curvularin and xestodecalactone a, formal total syntheses of (-)-citreofuran, (+)-12-oxo-curvularin, (+)-sporostatin, synthetic efforts toward (-)-caylobolide a. Ph.D. Thesis, The University of Alabama, 2014.	https://ir.ua.edu/handle/123456789/1985	NSVXQWIIUNTLSA-DIAVIDTQSA-N
COC(CC1=C(C(O)\C=C\C[C@@H](C)O[Si](C)(C)C(C)(C)C)C(OC)=CC(OC)=C1)OC	UALIB-809	(5R,E)-5-((tert-butyldimethylsilyl)oxy)-1-(2-(2,2-dimethoxyethyl)-4,6-dimethoxyphenyl)hex-2-en-1-ol	De Joarder, D. Total syntheses of (-)-curvularin and xestodecalactone a, formal total syntheses of (-)-citreofuran, (+)-12-oxo-curvularin, (+)-sporostatin, synthetic efforts toward (-)-caylobolide a. Ph.D. Thesis, The University of Alabama, 2014.	https://ir.ua.edu/handle/123456789/1985	HIKGEFQRQORCMW-PETXZBKYSA-N
COC(CC1=C(C(=O)\C=C\C[C@@H](C)O[Si](C)(C)C(C)(C)C)C(OC)=CC(OC)=C1)OC	UALIB-810	(R,E)-5-((tert-butyldimethylsilyl)oxy)-1-(2-(2,2-dimethoxyethyl)-4,6-dimethoxyphenyl)hex-2-en-1-one	De Joarder, D. Total syntheses of (-)-curvularin and xestodecalactone a, formal total syntheses of (-)-citreofuran, (+)-12-oxo-curvularin, (+)-sporostatin, synthetic efforts toward (-)-caylobolide a. Ph.D. Thesis, The University of Alabama, 2014.	https://ir.ua.edu/handle/123456789/1985	ZTSINJNHMVHRSY-MLFXKNMZSA-N
C[C@H](CC=C)OC(=O)CBr	UALIB-811	(R)-pent-4-en-2-yl 2-bromoacetate	De Joarder, D. Total syntheses of (-)-curvularin and xestodecalactone a, formal total syntheses of (-)-citreofuran, (+)-12-oxo-curvularin, (+)-sporostatin, synthetic efforts toward (-)-caylobolide a. Ph.D. Thesis, The University of Alabama, 2014.	https://ir.ua.edu/handle/123456789/1985	CJFYOQXFISOMFE-ZCFIWIBFSA-N
C[C@H](C\C=C\C(=O)OC(C)(C)C)OC(=O)CBr	UALIB-812	(R,E)-tert-butyl 5-(2-bromoacetoxy)hex-2-enoate	De Joarder, D. Total syntheses of (-)-curvularin and xestodecalactone a, formal total syntheses of (-)-citreofuran, (+)-12-oxo-curvularin, (+)-sporostatin, synthetic efforts toward (-)-caylobolide a. Ph.D. Thesis, The University of Alabama, 2014.	https://ir.ua.edu/handle/123456789/1985	RXAPITCPFBGWSA-VPIOIWJLSA-N
COC1=CC(OC)=CC(CC(=O)O[C@H](C)C\C=C\C(=O)OC(C)(C)C)=C1	UALIB-813	(R,E)-tert-butyl 5-(2-(3,5-dimethyloxyphenyl)acetoxy)hex-2-enoate	De Joarder, D. Total syntheses of (-)-curvularin and xestodecalactone a, formal total syntheses of (-)-citreofuran, (+)-12-oxo-curvularin, (+)-sporostatin, synthetic efforts toward (-)-caylobolide a. Ph.D. Thesis, The University of Alabama, 2014.	https://ir.ua.edu/handle/123456789/1985	VLRUSIODLNDLKQ-RCQQVGEISA-N
COC1=CC(OC)=CC(CC(=O)O[C@H](C)C\C=C\C(O)=O)=C1	UALIB-814	(R,E)-5-(2-(3,5-dimethoxyphenyl)acetoxy)hex-2-enoic acid	De Joarder, D. Total syntheses of (-)-curvularin and xestodecalactone a, formal total syntheses of (-)-citreofuran, (+)-12-oxo-curvularin, (+)-sporostatin, synthetic efforts toward (-)-caylobolide a. Ph.D. Thesis, The University of Alabama, 2014.	https://ir.ua.edu/handle/123456789/1985	KYHRELJDSVVCMW-DUMNWFOQSA-N
COC1=CC(OC)=CC(CC(=O)O[C@H](C)CCCC(O)=O)=C1	UALIB-815	(R)-5-(2-(3,5-dimethoxyphenyl)acetoxy)hexanoic acid	De Joarder, D. Total syntheses of (-)-curvularin and xestodecalactone a, formal total syntheses of (-)-citreofuran, (+)-12-oxo-curvularin, (+)-sporostatin, synthetic efforts toward (-)-caylobolide a. Ph.D. Thesis, The University of Alabama, 2014.	https://ir.ua.edu/handle/123456789/1985	DSKGPBJOILLENE-LLVKDONJSA-N
COC1=CC(OC)=C2C(CC(=O)O[C@H](C)CCCC2=O)=C1	UALIB-816	R)-9,11-dimethoxy-4-methyl-4,5,6,7-tetrahydro-1H-benzo[d]oxecine-2,8-dione	De Joarder, D. Total syntheses of (-)-curvularin and xestodecalactone a, formal total syntheses of (-)-citreofuran, (+)-12-oxo-curvularin, (+)-sporostatin, synthetic efforts toward (-)-caylobolide a. Ph.D. Thesis, The University of Alabama, 2014.	https://ir.ua.edu/handle/123456789/1985	PPUGICPFOIQCNY-SNVBAGLBSA-N
COC1=CC(OC)=CC(CC(=O)O[C@H](C)CC=C)=C1	UALIB-817	(R)-pent-4-en-2-yl 2-(3,5-dimethoxyphenyl)acetate	De Joarder, D. Total syntheses of (-)-curvularin and xestodecalactone a, formal total syntheses of (-)-citreofuran, (+)-12-oxo-curvularin, (+)-sporostatin, synthetic efforts toward (-)-caylobolide a. Ph.D. Thesis, The University of Alabama, 2014.	https://ir.ua.edu/handle/123456789/1985	AOESOFUNVLLNPN-LLVKDONJSA-N
C[C@@H](O)C\C=C\C(=O)OC(C)(C)C	UALIB-818	(R,E)-tert-butyl 5-hydroxyhex-2-enoate	De Joarder, D. Total syntheses of (-)-curvularin and xestodecalactone a, formal total syntheses of (-)-citreofuran, (+)-12-oxo-curvularin, (+)-sporostatin, synthetic efforts toward (-)-caylobolide a. Ph.D. Thesis, The University of Alabama, 2014.	https://ir.ua.edu/handle/123456789/1985	KSGLIGJJMLXKID-WVXIBAHESA-N
C[C@@H](O)CCCC(=O)OC(C)(C)C	UALIB-819	(R)-tert-butyl 5-hydroxyhexanoate	De Joarder, D. Total syntheses of (-)-curvularin and xestodecalactone a, formal total syntheses of (-)-citreofuran, (+)-12-oxo-curvularin, (+)-sporostatin, synthetic efforts toward (-)-caylobolide a. Ph.D. Thesis, The University of Alabama, 2014.	https://ir.ua.edu/handle/123456789/1985	WOXYNSMKMHSRMM-MRVPVSSYSA-N
C[C@H](CCCC(=O)OC(C)(C)C)OC(=O)CBr	UALIB-820	(R)-tert-butyl 5-(2-bromoacetoxy)hexanoate	De Joarder, D. Total syntheses of (-)-curvularin and xestodecalactone a, formal total syntheses of (-)-citreofuran, (+)-12-oxo-curvularin, (+)-sporostatin, synthetic efforts toward (-)-caylobolide a. Ph.D. Thesis, The University of Alabama, 2014.	https://ir.ua.edu/handle/123456789/1985	FNWNCXYIMFVFHC-SECBINFHSA-N
C[C@H](CCCC(=O)OC(C)(C)C)OC(=O)CC1=CC(OCC2=CC=CC=C2)=CC(OCC2=CC=CC=C2)=C1	UALIB-821	(R)-tert-butyl 5-(2-(3,5-bis(benzyloxy)phenyl)acetoxy)hexanoate	De Joarder, D. Total syntheses of (-)-curvularin and xestodecalactone a, formal total syntheses of (-)-citreofuran, (+)-12-oxo-curvularin, (+)-sporostatin, synthetic efforts toward (-)-caylobolide a. Ph.D. Thesis, The University of Alabama, 2014.	https://ir.ua.edu/handle/123456789/1985	CZOAJBSLLCFDLC-XMMPIXPASA-N
C[C@H](CCCC(O)=O)OC(=O)CC1=CC(OCC2=CC=CC=C2)=CC(OCC2=CC=CC=C2)=C1	UALIB-822	(R)-5-(2-(3,5-bis(benzyloxy)phenyl)acetoxy)hexanoic acid	De Joarder, D. Total syntheses of (-)-curvularin and xestodecalactone a, formal total syntheses of (-)-citreofuran, (+)-12-oxo-curvularin, (+)-sporostatin, synthetic efforts toward (-)-caylobolide a. Ph.D. Thesis, The University of Alabama, 2014.	https://ir.ua.edu/handle/123456789/1985	RRJSUJCVJKRPCF-OAQYLSRUSA-N
C[C@@H]1CCCC(=O)C2=C(OCC3=CC=CC=C3)C=C(OCC3=CC=CC=C3)C=C2CC(=O)O1	UALIB-823	(R)-9,11-bis(benzyloxy)-4-methyl-4,5,6,7-tetrahydro-1H-benzo[d]oxecine-2,8-dione	De Joarder, D. Total syntheses of (-)-curvularin and xestodecalactone a, formal total syntheses of (-)-citreofuran, (+)-12-oxo-curvularin, (+)-sporostatin, synthetic efforts toward (-)-caylobolide a. Ph.D. Thesis, The University of Alabama, 2014.	https://ir.ua.edu/handle/123456789/1985	DUTQPURKEVBPAN-HXUWFJFHSA-N
C[C@@H]1CCCC(=O)C2=C(O)C=C(O)C=C2CC(=O)O1	UALIB-824	(R)-9,11-dihydroxy-4-methyl-4,5,6,7-tetrahydro-1H-benzo[d]oxecine-2,8-dione	De Joarder, D. Total syntheses of (-)-curvularin and xestodecalactone a, formal total syntheses of (-)-citreofuran, (+)-12-oxo-curvularin, (+)-sporostatin, synthetic efforts toward (-)-caylobolide a. Ph.D. Thesis, The University of Alabama, 2014.	https://ir.ua.edu/handle/123456789/1985	AQNZLWYQYFPMBX-MRVPVSSYSA-N
[H]C(=O)\C=C\C[C@H](C)O	UALIB-825	(S,E)-5-hydroxyhex-2-enal	De Joarder, D. Total syntheses of (-)-curvularin and xestodecalactone a, formal total syntheses of (-)-citreofuran, (+)-12-oxo-curvularin, (+)-sporostatin, synthetic efforts toward (-)-caylobolide a. Ph.D. Thesis, The University of Alabama, 2014.	https://ir.ua.edu/handle/123456789/1985	OGQYNMDKSPMZAF-SZKDQXIBSA-N
C[C@H](O)C\C=C\C=C\C(=O)OC(C)(C)C	UALIB-826	(S,2E,4E)-tert-butyl 7-hydroxyocta-2,4-dienoate	De Joarder, D. Total syntheses of (-)-curvularin and xestodecalactone a, formal total syntheses of (-)-citreofuran, (+)-12-oxo-curvularin, (+)-sporostatin, synthetic efforts toward (-)-caylobolide a. Ph.D. Thesis, The University of Alabama, 2014.	https://ir.ua.edu/handle/123456789/1985	QPXCJSGZILHJIR-OLJSCQNGSA-N
C[C@H](O)CCCCCC(=O)OC(C)(C)C	UALIB-827	(S)-tert-butyl 7-hydroxyoctanoate	De Joarder, D. Total syntheses of (-)-curvularin and xestodecalactone a, formal total syntheses of (-)-citreofuran, (+)-12-oxo-curvularin, (+)-sporostatin, synthetic efforts toward (-)-caylobolide a. Ph.D. Thesis, The University of Alabama, 2014.	https://ir.ua.edu/handle/123456789/1985	JCTBHJFRKYQYDH-JTQLQIEISA-N
C[C@@H](CCCCCC(=O)OC(C)(C)C)OC(=O)CBr	UALIB-828	(S)-tert-butyl 7-(2-bromoacetoxy)octanoate	De Joarder, D. Total syntheses of (-)-curvularin and xestodecalactone a, formal total syntheses of (-)-citreofuran, (+)-12-oxo-curvularin, (+)-sporostatin, synthetic efforts toward (-)-caylobolide a. Ph.D. Thesis, The University of Alabama, 2014.	https://ir.ua.edu/handle/123456789/1985	PUHPONWSKPFNDA-NSHDSACASA-N
C[C@@H](CCCC(=O)OC(C)(C)C)OC(=O)CC1=CC(OCC2=CC=CC=C2)=CC(OCC2=CC=CC=C2)=C1	UALIB-829	(S)-tert-butyl 7-(2-(3,5-bis(benzyloxy)phenyl)acetoxy)octoanoate	De Joarder, D. Total syntheses of (-)-curvularin and xestodecalactone a, formal total syntheses of (-)-citreofuran, (+)-12-oxo-curvularin, (+)-sporostatin, synthetic efforts toward (-)-caylobolide a. Ph.D. Thesis, The University of Alabama, 2014.	https://ir.ua.edu/handle/123456789/1985	CZOAJBSLLCFDLC-DEOSSOPVSA-N
C[C@@H](CCCC(O)=O)OC(=O)CC1=CC(OCC2=CC=CC=C2)=CC(OCC2=CC=CC=C2)=C1	UALIB-830	(S)-7-(2-(3,5-bis(benzyloxy)phenyl)acetoxy)octoanoic acid	De Joarder, D. Total syntheses of (-)-curvularin and xestodecalactone a, formal total syntheses of (-)-citreofuran, (+)-12-oxo-curvularin, (+)-sporostatin, synthetic efforts toward (-)-caylobolide a. Ph.D. Thesis, The University of Alabama, 2014.	https://ir.ua.edu/handle/123456789/1985	RRJSUJCVJKRPCF-NRFANRHFSA-N
C[C@H]1CCCCCC(=O)C2=C(OCC3=CC=CC=C3)C=C(OCC3=CC=CC=C3)C=C2CC(=O)O1	UALIB-831	(S)-11,13-bis(benzyloxy)-4-methyl-4,5,6,7,8,9-hexahydro-1H-benzo[d][1]oxacyclododecine-2,10-dione	De Joarder, D. Total syntheses of (-)-curvularin and xestodecalactone a, formal total syntheses of (-)-citreofuran, (+)-12-oxo-curvularin, (+)-sporostatin, synthetic efforts toward (-)-caylobolide a. Ph.D. Thesis, The University of Alabama, 2014.	https://ir.ua.edu/handle/123456789/1985	NJWKYDUDHNJRTP-QFIPXVFZSA-N
C[C@H]1CCCCCC(=O)C2=C(O)C=C(O)C=C2CC(=O)O1	UALIB-832	(S)-11,13-dihydroxy-4-methyl-4,5,6,7,8,9-hexaydro-1H-benzo[d][1]oxacyclododecine-2,10-dione	De Joarder, D. Total syntheses of (-)-curvularin and xestodecalactone a, formal total syntheses of (-)-citreofuran, (+)-12-oxo-curvularin, (+)-sporostatin, synthetic efforts toward (-)-caylobolide a. Ph.D. Thesis, The University of Alabama, 2014.	https://ir.ua.edu/handle/123456789/1985	VDUIGYAPSXCJFC-JTQLQIEISA-N
C[C@H]1CCCCCC(=O)C2=C(CC(=O)O[C@@H](C)CCCCC(=O)C3=C(O)C=C(O)C=C3CC(=O)O1)C=C(O)C(O)=C2	UALIB-833	(8S,21S)1,3,14,16-tetrahydroxy-8,21-dimethyl-9,10,11,12,21,22,23,24,25,26-decahydro-5H-dibenzo[d,o]]1,12]dioxacyclotricosine-6,13,19,27(8H,18H)-tetraone	De Joarder, D. Total syntheses of (-)-curvularin and xestodecalactone a, formal total syntheses of (-)-citreofuran, (+)-12-oxo-curvularin, (+)-sporostatin, synthetic efforts toward (-)-caylobolide a. Ph.D. Thesis, The University of Alabama, 2014.	https://ir.ua.edu/handle/123456789/1985	BJBRMJKUGZUNNQ-OALUTQOASA-N
C[C@H](CCC=C)OC(=O)CBr	UALIB-834	(R)-hex-5-en-2-yl 2-bromoacetate	De Joarder, D. Total syntheses of (-)-curvularin and xestodecalactone a, formal total syntheses of (-)-citreofuran, (+)-12-oxo-curvularin, (+)-sporostatin, synthetic efforts toward (-)-caylobolide a. Ph.D. Thesis, The University of Alabama, 2014.	https://ir.ua.edu/handle/123456789/1985	PYNHTZHTHRKGHL-SSDOTTSWSA-N
[H]C(=O)CC[C@@H](C)OC(=O)CBr	UALIB-835	(R)-5-oxopentan-2-yl 2-bromoacetate	De Joarder, D. Total syntheses of (-)-curvularin and xestodecalactone a, formal total syntheses of (-)-citreofuran, (+)-12-oxo-curvularin, (+)-sporostatin, synthetic efforts toward (-)-caylobolide a. Ph.D. Thesis, The University of Alabama, 2014.	https://ir.ua.edu/handle/123456789/1985	AVRAHYMQDRIXHN-ZCFIWIBFSA-N
C[C@H](CCC(O)C=C)OC(=O)CBr	UALIB-836	(2R)-5-hydroxyhept-6-en-2-yl 2-bromoacetate	De Joarder, D. Total syntheses of (-)-curvularin and xestodecalactone a, formal total syntheses of (-)-citreofuran, (+)-12-oxo-curvularin, (+)-sporostatin, synthetic efforts toward (-)-caylobolide a. Ph.D. Thesis, The University of Alabama, 2014.	https://ir.ua.edu/handle/123456789/1985	FZZGRNVIPFJYCM-GVHYBUMESA-N
C[C@H](CCC(O[Si](C)(C)C(C)(C)C)C=C)OC(=O)CBr	UALIB-837	(2R)-5-((tert-butyldimethylsilyl)oxy)hept-6-en-2-yl 2-bromoacetate	De Joarder, D. Total syntheses of (-)-curvularin and xestodecalactone a, formal total syntheses of (-)-citreofuran, (+)-12-oxo-curvularin, (+)-sporostatin, synthetic efforts toward (-)-caylobolide a. Ph.D. Thesis, The University of Alabama, 2014.	https://ir.ua.edu/handle/123456789/1985	MASHJLKPIIGHGY-PZORYLMUSA-N
COC1=CC(OC)=CC(CC(=O)O[C@H](C)CCC(O[Si](C)(C)C(C)(C)C)C=C)=C1	UALIB-838	(2R)-5-((tert-butyldimethylsilyl)oxy)hept-6-en-2-yl 2-(3,5-dimethoxyphenyl)acetate	De Joarder, D. Total syntheses of (-)-curvularin and xestodecalactone a, formal total syntheses of (-)-citreofuran, (+)-12-oxo-curvularin, (+)-sporostatin, synthetic efforts toward (-)-caylobolide a. Ph.D. Thesis, The University of Alabama, 2014.	https://ir.ua.edu/handle/123456789/1985	GBKCGDNOMYUNTD-DUSLRRAJSA-N
COC1=CC(OC)=CC(CC(=O)O[C@H](C)CCC=C)=C1	UALIB-839	(R)-hex-5-en-2-yl 2-(3,5-dimethoxyphenyl)acetate	De Joarder, D. Total syntheses of (-)-curvularin and xestodecalactone a, formal total syntheses of (-)-citreofuran, (+)-12-oxo-curvularin, (+)-sporostatin, synthetic efforts toward (-)-caylobolide a. Ph.D. Thesis, The University of Alabama, 2014.	https://ir.ua.edu/handle/123456789/1985	WRQLLFXBGHIBNY-GFCCVEGCSA-N
[H]C(=O)CC[C@@H](C)OC(=O)CC1=CC(OC)=CC(OC)=C1	UALIB-840	(R)-5-oxopentan-2-yl 2-(3,5-dimethoxyphenyl)acetate	De Joarder, D. Total syntheses of (-)-curvularin and xestodecalactone a, formal total syntheses of (-)-citreofuran, (+)-12-oxo-curvularin, (+)-sporostatin, synthetic efforts toward (-)-caylobolide a. Ph.D. Thesis, The University of Alabama, 2014.	https://ir.ua.edu/handle/123456789/1985	SQYXHJKGEFMRRD-LLVKDONJSA-N
COC1=CC(OC)=CC(CC(=O)O[C@H](C)CCC(O)C=C)=C1	UALIB-841	(2R)-5-hydroxyhept-6-en-2-yl 2-(3,5-dimethoxyphenyl)acetate	De Joarder, D. Total syntheses of (-)-curvularin and xestodecalactone a, formal total syntheses of (-)-citreofuran, (+)-12-oxo-curvularin, (+)-sporostatin, synthetic efforts toward (-)-caylobolide a. Ph.D. Thesis, The University of Alabama, 2014.	https://ir.ua.edu/handle/123456789/1985	SQADYNWSSBPTHC-PUODRLBUSA-N
[H]C(=O)C(CC[C@@H](C)OC(=O)CC1=CC(OC)=CC(OC)=C1)O[Si](C)(C)C(C)(C)C	UALIB-842	(2R)-5-((tert-butyldimethylsilyl)oxy)-6-oxohexan-2-yl 2-(3,5-dimethoxyphenyl)acetate	De Joarder, D. Total syntheses of (-)-curvularin and xestodecalactone a, formal total syntheses of (-)-citreofuran, (+)-12-oxo-curvularin, (+)-sporostatin, synthetic efforts toward (-)-caylobolide a. Ph.D. Thesis, The University of Alabama, 2014.	https://ir.ua.edu/handle/123456789/1985	NHZMFYNXNXFBGL-PYUWXLGESA-N
COC1=CC(OC)=CC(CC(=O)O[C@H](C)CCC(O[Si](C)(C)C(C)(C)C)\C=C\C(=O)OC(C)(C)C)=C1	UALIB-843	(7R,E)-tert-butyl 4-((tert-butyldimethylsilyl)oxy)-7-(2-(3,5-dimethoxyphenyl)acetoxy)oct-2-enoate	De Joarder, D. Total syntheses of (-)-curvularin and xestodecalactone a, formal total syntheses of (-)-citreofuran, (+)-12-oxo-curvularin, (+)-sporostatin, synthetic efforts toward (-)-caylobolide a. Ph.D. Thesis, The University of Alabama, 2014.	https://ir.ua.edu/handle/123456789/1985	RGNVFSQLBAWVFL-DFYJPWGDSA-N
COC1=CC(OC)=CC(CC(=O)O[C@H](C)CCC(O)\C=C\C(=O)OC(C)(C)C)=C1	UALIB-844	(7R,E)-tert-butyl 7-(2-(3,5-dimethoxyphenyl)acetoxy)-4-hydroxyoct-2-enoate	De Joarder, D. Total syntheses of (-)-curvularin and xestodecalactone a, formal total syntheses of (-)-citreofuran, (+)-12-oxo-curvularin, (+)-sporostatin, synthetic efforts toward (-)-caylobolide a. Ph.D. Thesis, The University of Alabama, 2014.	https://ir.ua.edu/handle/123456789/1985	IIVDNWQRDAGJEJ-RYIQHWKJSA-N
COC1=CC(OC)=CC(CC(=O)O[C@H](C)CCC(=O)\C=C\C(=O)OC(C)(C)C)=C1	UALIB-845	(R,E)-tert-butyl 7-(2-(3,5-dimethoxyphenyl)acetoxy)-4-oxooct-2-enoate	De Joarder, D. Total syntheses of (-)-curvularin and xestodecalactone a, formal total syntheses of (-)-citreofuran, (+)-12-oxo-curvularin, (+)-sporostatin, synthetic efforts toward (-)-caylobolide a. Ph.D. Thesis, The University of Alabama, 2014.	https://ir.ua.edu/handle/123456789/1985	FAAQVCGKDZTTIJ-BOLDSZDNSA-N
COC1=CC(OC)=CC(CC(=O)O[C@H](C)CCC(=O)CCC(=O)OC(C)(C)C)=C1	UALIB-846	(R)-tert-butyl 7-(2-(3,5-dimethoxyphenyl)acetoxy)-4-oxooctanoate	De Joarder, D. Total syntheses of (-)-curvularin and xestodecalactone a, formal total syntheses of (-)-citreofuran, (+)-12-oxo-curvularin, (+)-sporostatin, synthetic efforts toward (-)-caylobolide a. Ph.D. Thesis, The University of Alabama, 2014.	https://ir.ua.edu/handle/123456789/1985	UXZXQABAQBOVRS-OAHLLOKOSA-N
COC1=CC(OC)=CC(CC(=O)O[C@H](C)CCC(=O)CCC(O)=O)=C1	UALIB-847	(R)-7-(2-(3,5-dimethoxyphenyl)acetoxy)-4-oxooctanoic acid	De Joarder, D. Total syntheses of (-)-curvularin and xestodecalactone a, formal total syntheses of (-)-citreofuran, (+)-12-oxo-curvularin, (+)-sporostatin, synthetic efforts toward (-)-caylobolide a. Ph.D. Thesis, The University of Alabama, 2014.	https://ir.ua.edu/handle/123456789/1985	HJMCTFLEHVYDGZ-GFCCVEGCSA-N
OB(O)C1=CC(OCC2=CC=CC=C2)=CC(OCC2=CC=CC=C2)=C1	UALIB-848	(3,5-bis(benzyloxy)phenyl)boronic acid	De Joarder, D. Total syntheses of (-)-curvularin and xestodecalactone a, formal total syntheses of (-)-citreofuran, (+)-12-oxo-curvularin, (+)-sporostatin, synthetic efforts toward (-)-caylobolide a. Ph.D. Thesis, The University of Alabama, 2014.	https://ir.ua.edu/handle/123456789/1985	KRQWRMMUXJAOLH-UHFFFAOYSA-N
CC(C)(C)[Si](C)(C)OCC[C@@H](CC=C)OCC1=CC=CC=C1	UALIB-849	(R)-((3-(benzyloxy)hex-5-en-1yl)oxy)(tert-butyl)dimethylsilane	De Joarder, D. Total syntheses of (-)-curvularin and xestodecalactone a, formal total syntheses of (-)-citreofuran, (+)-12-oxo-curvularin, (+)-sporostatin, synthetic efforts toward (-)-caylobolide a. Ph.D. Thesis, The University of Alabama, 2014.	https://ir.ua.edu/handle/123456789/1985	LTWFCCRDBRERPW-GOSISDBHSA-N
[H]C(=O)C[C@H](CCO[Si](C)(C)C(C)(C)C)OCC1=CC=CC=C1	UALIB-850	(S)-3-(benzyloxy)-5-((tert-butyldimethylsilyl)oxy)pentanal	De Joarder, D. Total syntheses of (-)-curvularin and xestodecalactone a, formal total syntheses of (-)-citreofuran, (+)-12-oxo-curvularin, (+)-sporostatin, synthetic efforts toward (-)-caylobolide a. Ph.D. Thesis, The University of Alabama, 2014.	https://ir.ua.edu/handle/123456789/1985	MZWNLAINIJOSLB-QGZVFWFLSA-N
CC(C)(C)[Si](C)(C)OCC[C@@H](C[C@@H](O)CC=C)OCC1=CC=CC=C1	UALIB-851	(4S, 6S)-6-(benzyloxy)-8-((tert-butyldimethylsilyl)oxy)oct-1-en-4-ol	De Joarder, D. Total syntheses of (-)-curvularin and xestodecalactone a, formal total syntheses of (-)-citreofuran, (+)-12-oxo-curvularin, (+)-sporostatin, synthetic efforts toward (-)-caylobolide a. Ph.D. Thesis, The University of Alabama, 2014.	https://ir.ua.edu/handle/123456789/1985	PQFXUDQCKXBTGG-PMACEKPBSA-N
CC(C)(C)[Si](C)(C)OCC[C@@H](C[C@H](CC=C)O[Si](C)(C)C(C)(C)C)OCC1=CC=CC=C1	UALIB-852	(5S,7S)-5-allyl-7-(benzyloxy)-2,2,3,3,11,11,12,12-octamethyl-4,10-dioxa-3,11-disilatridecane	De Joarder, D. Total syntheses of (-)-curvularin and xestodecalactone a, formal total syntheses of (-)-citreofuran, (+)-12-oxo-curvularin, (+)-sporostatin, synthetic efforts toward (-)-caylobolide a. Ph.D. Thesis, The University of Alabama, 2014.	https://ir.ua.edu/handle/123456789/1985	RCGMESYCTGBSDG-DQEYMECFSA-N
CCCC[C@H](C)[C@H](O)CC=C	UALIB-853	(4R, 5S)-5-methylnon-1-en-4-ol	De Joarder, D. Total syntheses of (-)-curvularin and xestodecalactone a, formal total syntheses of (-)-citreofuran, (+)-12-oxo-curvularin, (+)-sporostatin, synthetic efforts toward (-)-caylobolide a. Ph.D. Thesis, The University of Alabama, 2014.	https://ir.ua.edu/handle/123456789/1985	SQLXSQPHEKPTKL-VHSXEESVSA-N
CCCC[C@H](C)[C@@H](CC=C)O[Si](CC)(CC)CC	UALIB-854	Triethyl(((4R, 5S)-5-methylnon-1-en-4-yl)oxy)silane	De Joarder, D. Total syntheses of (-)-curvularin and xestodecalactone a, formal total syntheses of (-)-citreofuran, (+)-12-oxo-curvularin, (+)-sporostatin, synthetic efforts toward (-)-caylobolide a. Ph.D. Thesis, The University of Alabama, 2014.	https://ir.ua.edu/handle/123456789/1985	UUQDALMPWPWMTC-JKSUJKDBSA-N
[H]C(=O)C[C@@H](O[Si](CC)(CC)CC)[C@@H](C)CCCC	UALIB-855	(3R, 4S)-4-methyl-3-((triethylsilyl)oxy)octanal	De Joarder, D. Total syntheses of (-)-curvularin and xestodecalactone a, formal total syntheses of (-)-citreofuran, (+)-12-oxo-curvularin, (+)-sporostatin, synthetic efforts toward (-)-caylobolide a. Ph.D. Thesis, The University of Alabama, 2014.	https://ir.ua.edu/handle/123456789/1985	DWIINQGGNNDEMP-LSDHHAIUSA-N
CCCC[C@H](C)[C@@H](CC(O)C=C)O[Si](CC)(CC)CC	UALIB-856	(5R, 6S)-6-methyl-5-((triethylsilyl)oxy)dec-1-en-3-ol	De Joarder, D. Total syntheses of (-)-curvularin and xestodecalactone a, formal total syntheses of (-)-citreofuran, (+)-12-oxo-curvularin, (+)-sporostatin, synthetic efforts toward (-)-caylobolide a. Ph.D. Thesis, The University of Alabama, 2014.	https://ir.ua.edu/handle/123456789/1985	OKYXNPWBNJPPQF-RPCGPGEBSA-N
CCCC[C@H](C)[C@@H](CC(=O)C=C)O[Si](CC)(CC)CC	UALIB-857	(5R, 6S)-6-methyl-5-((triethylsilyl)oxy)dec-1-en-3-one	De Joarder, D. Total syntheses of (-)-curvularin and xestodecalactone a, formal total syntheses of (-)-citreofuran, (+)-12-oxo-curvularin, (+)-sporostatin, synthetic efforts toward (-)-caylobolide a. Ph.D. Thesis, The University of Alabama, 2014.	https://ir.ua.edu/handle/123456789/1985	KRDVMRMOYADWLD-DOTOQJQBSA-N
CCCC[C@H](C)[C@@H](CC(=O)\C=C\C[C@@H](C[C@H](CCO[Si](C)(C)C(C)(C)C)OCC1=CC=CC=C1)O[Si](C)(C)C(C)(C)C)O[Si](CC)(CC)CC	UALIB-858	(5R, 11S, 13S, E)-13-(benzyloxy)-11-((tert-butyldimethylsilyl)oxy)-3,3-diethyl-5-((S)-hexan-2-yl)-17,17,18,18-tetramethyl-4,16-dioxa-3,17-disilanonadec-8-en-7-one	De Joarder, D. Total syntheses of (-)-curvularin and xestodecalactone a, formal total syntheses of (-)-citreofuran, (+)-12-oxo-curvularin, (+)-sporostatin, synthetic efforts toward (-)-caylobolide a. Ph.D. Thesis, The University of Alabama, 2014.	https://ir.ua.edu/handle/123456789/1985	JJLHVOUCVNWGTH-OKCNWPCTSA-N
CCCC[C@H](C)[C@@H](CC(=O)CCC[C@@H](C[C@H](CCO[Si](C)(C)C(C)(C)C)OCC1=CC=CC=C1)O[Si](C)(C)C(C)(C)C)O[Si](CC)(CC)CC	UALIB-859	(5R, 11S, 13S)-13-(benzyloxy)-11-((tert-butyldimethylsilyl)oxy)-3,3-diethyl-5-((S)-hexan-2-yl)-17,17,18,18-tetramethyl-4,16-dioxa-3,17-disilanonadecan-7-one	De Joarder, D. Total syntheses of (-)-curvularin and xestodecalactone a, formal total syntheses of (-)-citreofuran, (+)-12-oxo-curvularin, (+)-sporostatin, synthetic efforts toward (-)-caylobolide a. Ph.D. Thesis, The University of Alabama, 2014.	https://ir.ua.edu/handle/123456789/1985	DKVHZMJCPPLSFF-GEODFTHISA-N
CCCC[C@H](C)[C@H](O)CC(=O)CCC[C@@H](C[C@H](CCO[Si](C)(C)C(C)(C)C)OCC1=CC=CC=C1)O[Si](C)(C)C(C)(C)C	UALIB-860	(5S, 6R, 12S, 14S)-14-(benzyloxy)-12,16-bis((tert-dimethylsilyl)oxy)-6-hydroxy-5-methylhexadecan-8-one	De Joarder, D. Total syntheses of (-)-curvularin and xestodecalactone a, formal total syntheses of (-)-citreofuran, (+)-12-oxo-curvularin, (+)-sporostatin, synthetic efforts toward (-)-caylobolide a. Ph.D. Thesis, The University of Alabama, 2014.	https://ir.ua.edu/handle/123456789/1985	GNTLDFLKVDUSSV-TUONYQKMSA-N
CCCC[C@H](C)[C@H](O)C[C@H](O)CCC[C@@H](C[C@H](CCO[Si](C)(C)C(C)(C)C)OCC1=CC=CC=C1)O[Si](C)(C)C(C)(C)C	UALIB-861	(5S,6R,8R,12S,14S)-14-(benzyloxy)-12,16-bis((tert-butyldimethylsilyl)oxy)-5-methylhexadecane-6,8-diol	De Joarder, D. Total syntheses of (-)-curvularin and xestodecalactone a, formal total syntheses of (-)-citreofuran, (+)-12-oxo-curvularin, (+)-sporostatin, synthetic efforts toward (-)-caylobolide a. Ph.D. Thesis, The University of Alabama, 2014.	https://ir.ua.edu/handle/123456789/1985	OYUGVFAQWFIZRU-UTJJKTFZSA-N
CCCC[C@H](C)[C@H]1C[C@@H](CCC[C@@H](C[C@H](CCO[Si](C)(C)C(C)(C)C)OCC2=CC=CC=C2)O[Si](C)(C)C(C)(C)C)OC(C)(C)O1	UALIB-862	(5S,7S)-7-(benzyloxy)-5-(3-((4R,6R)-6-((S)-hexan-2-yl)-2,2-dimethyl-1,3-dioxan-4-yl)propyl)-2,2,3,3,11,11,12,12-octamethyl-4,10-dioxa-3,11-disilatridecane	De Joarder, D. Total syntheses of (-)-curvularin and xestodecalactone a, formal total syntheses of (-)-citreofuran, (+)-12-oxo-curvularin, (+)-sporostatin, synthetic efforts toward (-)-caylobolide a. Ph.D. Thesis, The University of Alabama, 2014.	https://ir.ua.edu/handle/123456789/1985	ZXSHVZZUUKBSLA-QWENMDFYSA-N
CCCC[C@H](C)[C@@H](O)CC=C	UALIB-863	(4S, 5S)-5-methylnon-1-en-4-ol	De Joarder, D. Total syntheses of (-)-curvularin and xestodecalactone a, formal total syntheses of (-)-citreofuran, (+)-12-oxo-curvularin, (+)-sporostatin, synthetic efforts toward (-)-caylobolide a. Ph.D. Thesis, The University of Alabama, 2014.	https://ir.ua.edu/handle/123456789/1985	SQLXSQPHEKPTKL-UWVGGRQHSA-N
CCCC[C@H](C)[C@H](CC=C)O[Si](CC)(CC)CC	UALIB-864	Triethyl(((4S, 5S)-5-methylnon-1-en-4-yl)oxy)silane	De Joarder, D. Total syntheses of (-)-curvularin and xestodecalactone a, formal total syntheses of (-)-citreofuran, (+)-12-oxo-curvularin, (+)-sporostatin, synthetic efforts toward (-)-caylobolide a. Ph.D. Thesis, The University of Alabama, 2014.	https://ir.ua.edu/handle/123456789/1985	UUQDALMPWPWMTC-HOTGVXAUSA-N
[H]C(=O)C[C@H](O[Si](CC)(CC)CC)[C@@H](C)CCCC	UALIB-865	(3S, 4S)-4-methyl-3-((triethylsilyl)oxy)octanal	De Joarder, D. Total syntheses of (-)-curvularin and xestodecalactone a, formal total syntheses of (-)-citreofuran, (+)-12-oxo-curvularin, (+)-sporostatin, synthetic efforts toward (-)-caylobolide a. Ph.D. Thesis, The University of Alabama, 2014.	https://ir.ua.edu/handle/123456789/1985	DWIINQGGNNDEMP-GJZGRUSLSA-N
CCCC[C@H](C)[C@H](CC(O)C=C)O[Si](CC)(CC)CC	UALIB-866	(5S, 6S)-6-methyl-5-((triethylsilyl)oxy)dec-1-en-3-ol	De Joarder, D. Total syntheses of (-)-curvularin and xestodecalactone a, formal total syntheses of (-)-citreofuran, (+)-12-oxo-curvularin, (+)-sporostatin, synthetic efforts toward (-)-caylobolide a. Ph.D. Thesis, The University of Alabama, 2014.	https://ir.ua.edu/handle/123456789/1985	OKYXNPWBNJPPQF-QRFGZVGRSA-N
CCCC[C@H](C)[C@H](CC(=O)C=C)O[Si](CC)(CC)CC	UALIB-867	(5S, 6S)-6-methyl-5-((triethylsilyl)oxy)dec-1-en-3-one	De Joarder, D. Total syntheses of (-)-curvularin and xestodecalactone a, formal total syntheses of (-)-citreofuran, (+)-12-oxo-curvularin, (+)-sporostatin, synthetic efforts toward (-)-caylobolide a. Ph.D. Thesis, The University of Alabama, 2014.	https://ir.ua.edu/handle/123456789/1985	KRDVMRMOYADWLD-RDJZCZTQSA-N
CCCC[C@H](C)[C@H](CC(=O)\C=C\C[C@@H](C[C@H](CCO[Si](C)(C)C(C)(C)C)OCC1=CC=CC=C1)O[Si](C)(C)C(C)(C)C)O[Si](CC)(CC)CC	UALIB-868	(5S, 11S, 13S, E)-13-(benzyloxy)-11-((tert-butyldimethylsilyl)oxy)-3,3-diethyl-5-((S)-hexan-2-yl)-17,17,18,18-tetramethyl-4,16-dioxa-3,17-disilanonadec-8-en-7-one	De Joarder, D. Total syntheses of (-)-curvularin and xestodecalactone a, formal total syntheses of (-)-citreofuran, (+)-12-oxo-curvularin, (+)-sporostatin, synthetic efforts toward (-)-caylobolide a. Ph.D. Thesis, The University of Alabama, 2014.	https://ir.ua.edu/handle/123456789/1985	JJLHVOUCVNWGTH-DARGWUOPSA-N
CCCC[C@H](C)[C@H](CC(=O)CCC[C@@H](C[C@H](CCO[Si](C)(C)C(C)(C)C)OCC1=CC=CC=C1)O[Si](C)(C)C(C)(C)C)O[Si](CC)(CC)CC	UALIB-869	(5S, 11S, 13S)-13-(benzyloxy)-11-((tert-butyldimethylsilyl)oxy)-3,3-diethyl-5-((S)-hexan-2-yl)-17,17,18,18-tetramethyl-4,16-dioxa-3,17-disilanonadecan-7-one	De Joarder, D. Total syntheses of (-)-curvularin and xestodecalactone a, formal total syntheses of (-)-citreofuran, (+)-12-oxo-curvularin, (+)-sporostatin, synthetic efforts toward (-)-caylobolide a. Ph.D. Thesis, The University of Alabama, 2014.	https://ir.ua.edu/handle/123456789/1985	DKVHZMJCPPLSFF-IRJSLHMBSA-N
CCCC[C@H](C)[C@@H](O)CC(=O)CCC[C@@H](C[C@H](CCO[Si](C)(C)C(C)(C)C)OCC1=CC=CC=C1)O[Si](C)(C)C(C)(C)C	UALIB-870	(5S, 6S, 12S, 14S)-14-(benzyloxy)-12,16-bis((tert-dimethylsilyl)oxy)-6-hydroxy-5-methylhexadecan-8-one	De Joarder, D. Total syntheses of (-)-curvularin and xestodecalactone a, formal total syntheses of (-)-citreofuran, (+)-12-oxo-curvularin, (+)-sporostatin, synthetic efforts toward (-)-caylobolide a. Ph.D. Thesis, The University of Alabama, 2014.	https://ir.ua.edu/handle/123456789/1985	GNTLDFLKVDUSSV-UYDQTSAYSA-N
CCCC[C@H](C)[C@@H](O)C[C@H](O)CCC[C@@H](C[C@H](CCO[Si](C)(C)C(C)(C)C)OCC1=CC=CC=C1)O[Si](C)(C)C(C)(C)C	UALIB-871	(5S,6S,8R,12S,14S)-14-(benzyloxy)-12,16-bis((tert-butyldimethylsilyl)oxy)-5-methylhexadecane-6,8-diol	De Joarder, D. Total syntheses of (-)-curvularin and xestodecalactone a, formal total syntheses of (-)-citreofuran, (+)-12-oxo-curvularin, (+)-sporostatin, synthetic efforts toward (-)-caylobolide a. Ph.D. Thesis, The University of Alabama, 2014.	https://ir.ua.edu/handle/123456789/1985	OYUGVFAQWFIZRU-MDVMAHDLSA-N
CCCC[C@H](C)[C@@H]1C[C@@H](CCC[C@@H](C[C@H](CCO[Si](C)(C)C(C)(C)C)OCC2=CC=CC=C2)O[Si](C)(C)C(C)(C)C)OC(C)(C)O1	UALIB-872	(5S,7S)-7-(benzyloxy)-5-(3-((4R,6S)-6-((S)-hexan-2-yl)-2,2-dimethyl-1,3-dioxan-4-yl)propyl)-2,2,3,3,11,11,12,12-octamethyl-4,10-dioxa-3,11-disilatridecane	De Joarder, D. Total syntheses of (-)-curvularin and xestodecalactone a, formal total syntheses of (-)-citreofuran, (+)-12-oxo-curvularin, (+)-sporostatin, synthetic efforts toward (-)-caylobolide a. Ph.D. Thesis, The University of Alabama, 2014.	https://ir.ua.edu/handle/123456789/1985	ZXSHVZZUUKBSLA-NIKBPUCZSA-N
CC(C)(C)[Si](C)(C)OCCCC[C@H](O)CC=C	UALIB-873	(S)-8-((tert-butyldimethylsilyl)oxy)oct-1-en-4-ol	De Joarder, D. Total syntheses of (-)-curvularin and xestodecalactone a, formal total syntheses of (-)-citreofuran, (+)-12-oxo-curvularin, (+)-sporostatin, synthetic efforts toward (-)-caylobolide a. Ph.D. Thesis, The University of Alabama, 2014.	https://ir.ua.edu/handle/123456789/1985	VUCZVYMPRNMZGD-CYBMUJFWSA-N
CC(C)(C)[Si](C)(C)OCCCC[C@@H](CC=C)OC(=O)C=C	UALIB-874	(S)-8-((tert-butyldimethylsilyl)oxy)oct-1-en-4-yl acrylate	De Joarder, D. Total syntheses of (-)-curvularin and xestodecalactone a, formal total syntheses of (-)-citreofuran, (+)-12-oxo-curvularin, (+)-sporostatin, synthetic efforts toward (-)-caylobolide a. Ph.D. Thesis, The University of Alabama, 2014.	https://ir.ua.edu/handle/123456789/1985	KQNNTAMQNPAFPF-OAHLLOKOSA-N
CC(C)(C)[Si](C)(C)OCCCC[C@H]1CC=CC(=O)O1	UALIB-875	(S)-6-(4-((tert-butyldimethylsilyl)oxy)butyl)-5,6-dihydro-2H-pyran-2-one	De Joarder, D. Total syntheses of (-)-curvularin and xestodecalactone a, formal total syntheses of (-)-citreofuran, (+)-12-oxo-curvularin, (+)-sporostatin, synthetic efforts toward (-)-caylobolide a. Ph.D. Thesis, The University of Alabama, 2014.	https://ir.ua.edu/handle/123456789/1985	NZIQUSHABBQKNK-ZDUSSCGKSA-N
C[C@H]1C[C@H](CCCCO[Si](C)(C)C(C)(C)C)OC(=O)C1	UALIB-876	(4S,6S)-6-(4-((tert-butyldimethylsilyl)oxy)butyl)-4-methyltetrahydro-2H-pyran-2-one	De Joarder, D. Total syntheses of (-)-curvularin and xestodecalactone a, formal total syntheses of (-)-citreofuran, (+)-12-oxo-curvularin, (+)-sporostatin, synthetic efforts toward (-)-caylobolide a. Ph.D. Thesis, The University of Alabama, 2014.	https://ir.ua.edu/handle/123456789/1985	WMJNSFIYURVAPN-KBPBESRZSA-N
C[C@H]1C[C@H](CCCCO)OC(=O)C1	UALIB-877	(4S,6S)-6-(4-hydroxybutyl)-4-methyltetrahydro-2H-pyran-2-one	De Joarder, D. Total syntheses of (-)-curvularin and xestodecalactone a, formal total syntheses of (-)-citreofuran, (+)-12-oxo-curvularin, (+)-sporostatin, synthetic efforts toward (-)-caylobolide a. Ph.D. Thesis, The University of Alabama, 2014.	https://ir.ua.edu/handle/123456789/1985	YDPDETOWMOUQJN-IUCAKERBSA-N
[H]C(=O)CCC[C@H]1C[C@H](C)CC(=O)O1	UALIB-878	4-((2S,4S)-4-methyl-6-oxotetrahydro-2H-pyran-2-yl)butanal	De Joarder, D. Total syntheses of (-)-curvularin and xestodecalactone a, formal total syntheses of (-)-citreofuran, (+)-12-oxo-curvularin, (+)-sporostatin, synthetic efforts toward (-)-caylobolide a. Ph.D. Thesis, The University of Alabama, 2014.	https://ir.ua.edu/handle/123456789/1985	VPJAEJZTALQXEI-IUCAKERBSA-N
C[C@H]1C[C@H](CCC[C@@H](O)CC=C)OC(=O)C1	UALIB-879	(4S,6S)-6-((R)-4-hydroxyhept-6-en-1-yl)-4-methyltetrahydro-2H-pyran-2-one	De Joarder, D. Total syntheses of (-)-curvularin and xestodecalactone a, formal total syntheses of (-)-citreofuran, (+)-12-oxo-curvularin, (+)-sporostatin, synthetic efforts toward (-)-caylobolide a. Ph.D. Thesis, The University of Alabama, 2014.	https://ir.ua.edu/handle/123456789/1985	LGYGVIJQGNEXSJ-SRVKXCTJSA-N
[H]C(=O)\C=C\C[C@H](O)CCC[C@H]1C[C@H](C)CC(=O)O1	UALIB-880	(R,E)-5-hydroxy-8-((2S,4S)-4-methyl-6-oxotetrahydro-2H-pyran-2-yl)oct-2-enal	De Joarder, D. Total syntheses of (-)-curvularin and xestodecalactone a, formal total syntheses of (-)-citreofuran, (+)-12-oxo-curvularin, (+)-sporostatin, synthetic efforts toward (-)-caylobolide a. Ph.D. Thesis, The University of Alabama, 2014.	https://ir.ua.edu/handle/123456789/1985	BDHNZYKDWWLCSW-SJGBDUFXSA-N
[H]C(=O)\C=C\C[C@@H](CCC[C@H]1C[C@H](C)CC(=O)O1)O[Si](CC)(CC)CC	UALIB-881	(R,E)-8-((2S,4S)-4-methyl-6-oxotetrahydro-2H-pyran-2-yl)-5-((triethylsilyl)oxy)oct-2-enal	De Joarder, D. Total syntheses of (-)-curvularin and xestodecalactone a, formal total syntheses of (-)-citreofuran, (+)-12-oxo-curvularin, (+)-sporostatin, synthetic efforts toward (-)-caylobolide a. Ph.D. Thesis, The University of Alabama, 2014.	https://ir.ua.edu/handle/123456789/1985	YECSDPRPERACIJ-MRUBZEKTSA-N
CC[Si](CC)(CC)O[C@H](CCC[C@H]1C[C@H](C)CC(=O)O1)C\C=C\[C@@H](O)CC=C	UALIB-882	(4S,6S)-6-((4R,8S,E)-8-hydroxy-4-((triethylsilyl)oxy)undeca-6,10-dien-1-yl)-4-methyltetrahydro-2H-pyran-2-one	De Joarder, D. Total syntheses of (-)-curvularin and xestodecalactone a, formal total syntheses of (-)-citreofuran, (+)-12-oxo-curvularin, (+)-sporostatin, synthetic efforts toward (-)-caylobolide a. Ph.D. Thesis, The University of Alabama, 2014.	https://ir.ua.edu/handle/123456789/1985	GBIZBQNCVWWTCO-FMDULJGASA-N
[H]C(=O)\C=C\C[C@H](O)\C=C\C[C@@H](CCC[C@H]1C[C@H](C)CC(=O)O1)O[Si](CC)(CC)CC	UALIB-883	(2E,5S,6E,9R)-5-hydroxy-12-((2S,4S)-4-methyl-6-oxptetrahydro-2H-pyran-2-yl)-9-((triethylsilyl)oxy)dodeca-2,6-dienal	De Joarder, D. Total syntheses of (-)-curvularin and xestodecalactone a, formal total syntheses of (-)-citreofuran, (+)-12-oxo-curvularin, (+)-sporostatin, synthetic efforts toward (-)-caylobolide a. Ph.D. Thesis, The University of Alabama, 2014.	https://ir.ua.edu/handle/123456789/1985	SQDUBRKATKTOLO-FTFORZJQSA-N
[H]C(=O)\C=C\C[C@H](O[Si](CC)(CC)CC)\C=C\C[C@@H](CCC[C@H]1C[C@H](C)CC(=O)O1)O[Si](CC)(CC)CC	UALIB-884	(2E,5S,6E,9R)-12-((2S,4S)-4-methyl-6-oxotetrahydro-2H-pyran-2-yl)-5,9-bis((triethylsilyl)oxy)dodeca-2,6-dienal	De Joarder, D. Total syntheses of (-)-curvularin and xestodecalactone a, formal total syntheses of (-)-citreofuran, (+)-12-oxo-curvularin, (+)-sporostatin, synthetic efforts toward (-)-caylobolide a. Ph.D. Thesis, The University of Alabama, 2014.	https://ir.ua.edu/handle/123456789/1985	AOEGONYFRUZBRS-ALBOCDFUSA-N
CC[Si](CC)(CC)O[C@H](CCC[C@H]1C[C@H](C)CC(=O)O1)C\C=C\[C@H](C\C=C\[C@@H](O)CC=C)O[Si](CC)(CC)CC	UALIB-885	(4S,6S)-6-((4R,6E,8S,10E,12S)-12-hydroxy-4,8-bis((triethylsilyl)oxy)pentadeca-6,10,14-trien-1-yl)-4-methyltetrahydro-2H-pyran-2-one	De Joarder, D. Total syntheses of (-)-curvularin and xestodecalactone a, formal total syntheses of (-)-citreofuran, (+)-12-oxo-curvularin, (+)-sporostatin, synthetic efforts toward (-)-caylobolide a. Ph.D. Thesis, The University of Alabama, 2014.	https://ir.ua.edu/handle/123456789/1985	NNHMMCLLOSKXRP-PQQVOIFOSA-N
[H]C(=O)\C=C\C[C@H](O)\C=C\C[C@H](O[Si](CC)(CC)CC)\C=C\C[C@@H](CCC[C@H]1C[C@H](C)CC(=O)O1)O[Si](CC)(CC)CC	UALIB-886	(2E,5S,6E,9S,10E,13R)-5-hydroxy-16-((2S,4S)-4-methyl-6-oxotetrahydro-2H-pyran-2-yl)-9,13-bis((triethylsilyl)oxy)hexadeca-2,6,10-trienal	De Joarder, D. Total syntheses of (-)-curvularin and xestodecalactone a, formal total syntheses of (-)-citreofuran, (+)-12-oxo-curvularin, (+)-sporostatin, synthetic efforts toward (-)-caylobolide a. Ph.D. Thesis, The University of Alabama, 2014.	https://ir.ua.edu/handle/123456789/1985	KTQJDSQEFYBYQI-HBFCDDGPSA-N
[H]C(=O)\C=C\C[C@H](O[Si](CC)(CC)CC)\C=C\C[C@H](O[Si](CC)(CC)CC)\C=C\C[C@@H](CCC[C@H]1C[C@H](C)CC(=O)O1)O[Si](CC)(CC)CC	UALIB-887	(2E,5S,6E,9S,10E,13R)-16-((2S,4S)-4-methyl-6-oxotetrahydro-2H-pyran-2-yl)-5,9,13-tris((triethylsilyl)oxy)hexadeca-2,6,10-trienal	De Joarder, D. Total syntheses of (-)-curvularin and xestodecalactone a, formal total syntheses of (-)-citreofuran, (+)-12-oxo-curvularin, (+)-sporostatin, synthetic efforts toward (-)-caylobolide a. Ph.D. Thesis, The University of Alabama, 2014.	https://ir.ua.edu/handle/123456789/1985	XCEIVKDHJOQPMR-NEVYPJERSA-N
CC[Si](CC)(CC)O[C@H](CCC[C@H]1C[C@H](C)CC(=O)O1)C\C=C\[C@H](C\C=C\[C@H](C\C=C\[C@@H](O)CC=C)O[Si](CC)(CC)CC)O[Si](CC)(CC)CC	UALIB-888	(4S,6S)-6-((4R,6E,8S,10E,12S,14E,16S)-16-hydroxy-4,8,12-tris((triethylsilyl)oxy)nonadeca-6,10,14,18-tetraen-1-yl)-4-methyltetrahydro-2H-pyarn-2-one	De Joarder, D. Total syntheses of (-)-curvularin and xestodecalactone a, formal total syntheses of (-)-citreofuran, (+)-12-oxo-curvularin, (+)-sporostatin, synthetic efforts toward (-)-caylobolide a. Ph.D. Thesis, The University of Alabama, 2014.	https://ir.ua.edu/handle/123456789/1985	KPKOCFGMHZDWPX-QUKMJEIASA-N
CC[Si](CC)(CC)O[C@H](CCC[C@H]1C[C@H](C)CC(=O)O1)C\C=C\[C@H](C\C=C\[C@H](C\C=C\[C@H](CC=C)O[Si](CC)(CC)CC)O[Si](CC)(CC)CC)O[Si](CC)(CC)CC	UALIB-889	(4S,6S)-4-methyl-6-((4R,6E,8S,10E,12S,14E,16S)-4,8,12,16-tetrakis((triethylsilyl)oxy)nonadeca-6,10,14,18-tetraen-1-yl)tetrahydro-2H-pyran-2-one	De Joarder, D. Total syntheses of (-)-curvularin and xestodecalactone a, formal total syntheses of (-)-citreofuran, (+)-12-oxo-curvularin, (+)-sporostatin, synthetic efforts toward (-)-caylobolide a. Ph.D. Thesis, The University of Alabama, 2014.	https://ir.ua.edu/handle/123456789/1985	QQXBKPSVYSDLKP-XRQIGBMWSA-N
